Location,Date_Time,Temperature_C,Humidity_pct,Precipitation_mm,Wind_Speed_kmh
Chicago,5/1/2024 0:01,8.619439924051257,81.64755958638355,4.176375916899783,6.353400202
Chicago,5/1/2024 0:02,31.60046323436375,84.87634148,3.8718511904604935,13.09547888388639
Chicago,5/1/2024 0:03,8.901904257840712,80.31564975227352,2.508554976974321,26.74307768183275
Chicago,5/1/2024 0:05,5.942635344239015,88.34753401210315,0.4085194205550602,9.400175685846442
Chicago,5/1/2024 0:05,31.28059038726372,39.638759899163915,0.7303871664470707,20.988380876792874
Chicago,5/1/2024 0:08,22.19011708552724,74.08297455203142,8.761528299,28.699757378196885
Chicago,5/1/2024 0:08,15.271802114493543,89.94608556,4.839146008555871,29.499922615579926
Chicago,5/1/2024 0:09,4.840456824646436,61.88452293,1.008711413184774,20.44082276095751
Chicago,5/1/2024 0:11,25.361618063844226,43.13116023075664,4.0555252344221335,28.225974830748374
Chicago,5/1/2024 0:15,9.524868669728562,62.443566866769245,6.7038521870725685,0.5735602127771311
Chicago,5/1/2024 0:19,6.777062795410348,37.51264104,8.231714168945777,22.389514419443707
Chicago,5/1/2024 0:25,1.937168553768279,50.567297436313446,6.279847675295931,10.017471806510457
Chicago,5/1/2024 0:26,23.231693002282135,43.51108652072127,6.731370710583984,20.438861130428485
Chicago,5/1/2024 0:26,2.7494947290439917,84.47765252086448,4.245979697220057,3.6525373889893356
Chicago,5/1/2024 0:27,12.180317503721781,55.13282013,6.658024051708883,6.478387193224985
Chicago,5/1/2024 0:29,13.572456933275728,72.34967274074144,0.2026073892501412,11.633041170807019
Chicago,5/1/2024 0:30,35.752115158259386,49.800244566191296,8.568269147209573,0.8878740550947972
Chicago,5/1/2024 0:32,7.258070426555356,80.02312273328354,0.5519981508280802,27.791265486870294
Chicago,5/1/2024 0:34,30.52146468,33.39260520528381,3.963183283678492,0.7935702511708198
Chicago,5/1/2024 0:39,11.694780093737382,65.83459258745074,0.41945064026245316,17.161759928786346
Chicago,5/1/2024 0:39,-0.113505919,67.3046939,6.955804014683683,19.059146301088543
Chicago,5/1/2024 0:41,1.4439920637569799,74.08331294,9.057711434612752,22.035803640325156
Chicago,5/1/2024 0:46,6.454297716893084,77.66291081131288,5.170737652319887,13.424930083315004
Chicago,5/1/2024 0:49,-6.396173336,35.26390972295427,0.911830591,3.2200348749050023
Chicago,5/1/2024 0:50,6.505730459850447,30.252978128694632,6.380068382541283,16.382042199428945
Chicago,5/1/2024 0:50,4.077892013180076,58.008890397634445,4.931301404732214,29.840074781541976
Chicago,5/1/2024 0:52,23.41831213143989,46.79353387,3.7467103221815723,16.763626996735994
Chicago,5/1/2024 0:53,-0.764821488,52.37314642930913,5.883722394462642,15.850068534408265
Chicago,5/1/2024 0:56,-1.388350635,33.04648707514148,8.697656723485384,23.158925637935805
Chicago,5/1/2024 1:02,36.88570710813084,72.76426606546651,6.758744970008035,23.325063025236595
Chicago,5/1/2024 1:02,19.356300166744216,78.79502631122887,5.951655635731864,20.723694597102376
Chicago,5/1/2024 1:07,39.711045325707275,70.80747250545195,2.272291594681449,1.8570344246667092
Chicago,5/1/2024 1:08,13.45093195340371,89.26811143148234,1.4674706590070652,17.056531666762602
Chicago,5/1/2024 1:13,12.852745848060053,33.97157082941982,9.397235829605307,12.027981915500163
Chicago,5/1/2024 1:15,37.45709989,70.59680941,1.1548446638305443,9.380293599735596
Chicago,5/1/2024 1:16,-2.131941229,53.421920042420766,0.48739242000262695,15.7481046
Chicago,5/1/2024 1:17,21.21179679504889,31.158396061061268,5.851915460974543,8.312452183612145
Chicago,5/1/2024 1:19,30.098977286641563,65.29493878307963,3.9022561179849657,9.478238848577911
Chicago,5/1/2024 1:19,16.832655876271012,51.40921435075067,2.0981394568716394,11.542437632436325
Chicago,5/1/2024 1:22,22.136690784987266,34.99224497830389,0.16332147234230598,17.59648531731458
Chicago,5/1/2024 1:28,-8.986793454,34.47771264832671,1.6275784726153553,17.68151074735431
Chicago,5/1/2024 1:30,27.014344643105943,79.62452723,7.8035100192464935,26.525259356240834
Chicago,5/1/2024 1:34,11.569418710285799,38.83517262800119,7.701983289654306,0.9924224597802056
Chicago,5/1/2024 1:35,-6.718488487,83.47022696310505,4.458372050340875,16.987591235619742
Chicago,5/1/2024 1:35,23.39476448365823,30.070798948670202,2.1552118988807836,21.87806072308689
Chicago,5/1/2024 1:37,5.853751360242718,41.234571979787255,3.7367932630295186,13.573873606068673
Chicago,5/1/2024 1:37,-1.836204459,39.294060406696914,9.529195334744458,23.74417373052378
Chicago,5/1/2024 1:39,19.40565550088791,62.99052818795295,4.037262716586909,28.58531174346244
Chicago,5/1/2024 1:40,22.410582713436035,81.96851752307515,1.3990408507705698,8.299482895245786
Chicago,5/1/2024 1:41,33.71694594560241,49.957711164162085,0.9019597914621369,5.687153912697603
Chicago,5/1/2024 1:42,22.10782135760809,72.58181825869974,9.033567037,23.5085009
Chicago,5/1/2024 1:45,38.9373008,79.18555867774171,0.8110705970297705,10.436011657362915
Chicago,5/1/2024 1:45,32.10622093103913,69.08437452679952,1.6221130162533282,10.276723932956529
Chicago,5/1/2024 1:49,3.450579520078138,84.53158179,0.9196285682516658,8.371443481
Chicago,5/1/2024 1:50,-7.751142143,84.71187701,4.316018532015823,13.547970858043461
Chicago,5/1/2024 1:53,20.688705035173356,89.89322776034004,0.003371078,2.5934811660236425
Chicago,5/1/2024 1:54,18.544446916413165,36.67463688842781,7.240605754475632,28.394552776022728
Chicago,5/1/2024 1:56,9.302422757161857,51.16980956141637,2.5050187672963986,1.8134021025957037
Chicago,5/1/2024 2:00,14.787466765361643,43.60750906623938,3.059199715581926,25.992135680831254
Chicago,5/1/2024 2:00,25.229570399887088,66.81755640154289,2.2046262718433782,23.83141684865183
Chicago,5/1/2024 2:00,34.18784595747276,44.41456108011359,1.383077075904381,26.363849983853267
Chicago,5/1/2024 2:05,6.235212029414502,76.07085298212732,8.300630478305255,20.51069595997391
Chicago,5/1/2024 2:05,10.366979488665717,64.98955601161023,1.4830969267231464,23.218046770509055
Chicago,5/1/2024 2:08,34.80212135429052,89.69903061039705,0.7442809414841878,26.001972385438524
Chicago,5/1/2024 2:09,23.955832365438596,87.36159018743919,8.882839623855347,10.251326333551548
Chicago,5/1/2024 2:11,11.433434069204093,78.66788880560263,9.860101302786475,8.350455516481933
Chicago,5/1/2024 2:13,-1.755869751,40.16188977667315,2.2327572068276416,20.180954902926022
Chicago,5/1/2024 2:14,24.89220737830297,69.86993852126304,5.610315759,18.220143904657156
Chicago,5/1/2024 2:18,36.50443796,46.451864874147226,4.516960767948385,19.821899927814062
Chicago,5/1/2024 2:19,-2.218464434,48.54589274722832,5.844020985629365,28.283745450421062
Chicago,5/1/2024 2:22,8.346979786927925,63.025777527885516,5.340777906728635,13.937091692289469
Chicago,5/1/2024 2:24,24.897315813174295,64.67714883,9.558585108373496,26.168432497497598
Chicago,5/1/2024 2:25,26.73595284434812,57.93132630374811,5.639027583227913,23.514211741631147
Chicago,5/1/2024 2:26,24.45913420673611,71.90111931929601,3.966020419320656,11.852210945037477
Chicago,5/1/2024 2:27,1.221093054200571,88.63251720449597,6.196790769772166,28.02141352403457
Chicago,5/1/2024 2:29,7.688347888765772,79.94732533474865,2.361582727247148,13.37826568682801
Chicago,5/1/2024 2:30,30.458801602630516,61.28848273543233,6.369058901029264,2.364291312791156
Chicago,5/1/2024 2:31,6.142910857892627,39.959768359731136,7.579458917289661,26.962965152128987
Chicago,5/1/2024 2:35,21.041878016823297,61.82331562933557,3.2850459586776926,16.347159242834586
Chicago,5/1/2024 2:36,15.89447369207037,52.62325773,7.056401211482356,14.805387279188503
Chicago,5/1/2024 2:38,-0.345473921,77.89989062,1.1736626116322646,29.732653134288753
Chicago,5/1/2024 2:45,34.366122259060006,46.349098459514934,2.535598452409127,24.104420426251433
Chicago,5/1/2024 2:51,4.114178874630239,51.66445560072023,6.699562471511492,29.850932628027827
Chicago,5/1/2024 2:52,20.232893520118953,43.14001077099063,1.6352898013632122,10.66038462811762
Chicago,5/1/2024 2:53,27.745740889212698,86.16911490197201,7.438571264235975,23.979295318465265
Chicago,5/1/2024 2:53,-8.927439698,49.25383812521336,9.441527406785003,28.966287173984348
Chicago,5/1/2024 2:57,34.80265897417315,53.50017247730092,6.651973011731539,22.12617335390014
Chicago,5/1/2024 2:59,13.205879676579372,71.50098543629215,1.2719412741052083,11.995396533545764
Chicago,5/1/2024 3:00,21.023764371419794,30.05442318554804,0.725825013,20.377559310289936
Chicago,5/1/2024 3:02,0.3401791364387545,86.43710007693409,1.416789421823944,25.014212193748666
Chicago,5/1/2024 3:02,-1.8272711,57.57945511293222,5.386573076,11.896679440333655
Chicago,5/1/2024 3:02,-1.435958038,44.06247264663305,1.5518515161714885,1.360315693987425
Chicago,5/1/2024 3:04,22.90220948580795,54.73376213797167,7.685671131380882,22.973625921157307
Chicago,5/1/2024 3:04,38.611121593518675,40.30995741305504,9.00048274,26.09068802084478
Chicago,5/1/2024 3:06,23.291494453207946,62.134006479008406,4.162342341164206,18.24630211030368
Chicago,5/1/2024 3:08,-6.679663938,78.06250075703534,6.315753976,20.75056999889448
Chicago,5/1/2024 3:08,27.804148482289108,53.81203090396767,5.058755577222894,21.332852448828493
Chicago,5/1/2024 3:12,28.01088866469845,38.92861812038053,6.560700731,18.76559033360676
Chicago,5/1/2024 3:16,31.454267174140647,32.02211353912994,0.9834412527646574,12.933505796412474
Chicago,5/1/2024 3:20,-1.565662281,40.902087939607455,7.0390148505066055,25.789195790714793
Chicago,5/1/2024 3:21,15.45592358548262,48.34470802894105,4.858296153,29.17053400084858
Chicago,5/1/2024 3:21,19.584641586650534,30.00169912712931,4.729846009202961,10.072032208823074
Chicago,5/1/2024 3:26,24.548279941429655,67.05343233787087,6.742883528798741,6.508447542727167
Chicago,5/1/2024 3:27,11.06020837,88.86735881892304,6.354703262963358,23.14717557270665
Chicago,5/1/2024 3:28,6.257656818101012,50.33286517961308,9.651119616727597,21.60631530611899
Chicago,5/1/2024 3:29,-0.690658845,56.31481538214062,0.9057687900881428,13.944856925402021
Chicago,5/1/2024 3:29,7.940677916253932,70.52839822950526,4.704088296,15.122100035967772
Chicago,5/1/2024 3:32,12.693230095642487,74.36700776278376,5.155938244463346,29.680448148583018
Chicago,5/1/2024 3:34,17.592432403104546,45.63024326732771,6.210859485380401,9.422786912285508
Chicago,5/1/2024 3:35,19.264809980247904,71.60664315179574,7.816240471,4.986212562025135
Chicago,5/1/2024 3:38,1.9687558858064538,30.037630292682508,7.736761109594099,12.653149703234089
Chicago,5/1/2024 3:43,-8.411702384,31.628630197693475,1.957156316863653,21.409175959547312
Chicago,5/1/2024 3:43,10.859381316769067,44.91348702462584,8.729662940949517,6.45379348
Chicago,5/1/2024 3:47,5.037841838541482,71.4411446,5.805700415394713,12.430321329277977
Chicago,5/1/2024 3:47,23.76465334,31.552087902173614,8.977022499300576,26.228951212434218
Chicago,5/1/2024 3:48,0.17749501234008846,83.15757742966868,0.9508851502012561,16.575656210421506
Chicago,5/1/2024 3:49,37.05080230726977,66.19617353,2.8732640478193106,21.484564532999954
Chicago,5/1/2024 3:50,-4.368581822,84.51916350473101,3.522922381545426,16.240713374420782
Chicago,5/1/2024 3:52,35.48981221765397,31.685881318290367,9.333024872600374,22.60263803827623
Chicago,5/1/2024 3:52,28.872193843730415,38.120139078596345,9.471978792964231,10.792927910328052
Chicago,5/1/2024 3:57,15.340441991952094,86.36381393319135,0.10357384973919692,25.66039747592175
Chicago,5/1/2024 3:57,29.54176084295038,79.99140864261415,3.6364591985969605,23.371054835540395
Chicago,5/1/2024 3:58,1.2210741108012648,79.45112991596977,2.034689595504553,7.553485109561565
Chicago,5/1/2024 3:58,36.994066712847584,55.08337811054634,0.2593074508933868,9.981175347764562
Chicago,5/1/2024 3:58,37.63150249898542,46.15741035,9.263649886611576,12.278197673848213
Chicago,5/1/2024 3:59,3.452232446383638,37.170240725301724,0.5940298835557911,7.482883496124202
Chicago,5/1/2024 4:01,23.065410377730714,65.16282570946886,7.224353290547832,10.736526958824955
Chicago,5/1/2024 4:02,5.182144307762885,67.40695067228489,9.192023767916945,26.016407444890948
Chicago,5/1/2024 4:03,9.197932806085987,87.50524800158186,5.854990638090911,25.239729430837848
Chicago,5/1/2024 4:03,3.3497909711079714,79.49113537099521,4.745818227720169,2.9830350351325796
Chicago,5/1/2024 4:07,37.94541183200913,79.97569574938461,3.526828823746434,17.585683496345805
Chicago,5/1/2024 4:07,8.468456627485192,74.89114458477039,4.428099423876414,6.004738290004546
Chicago,5/1/2024 4:14,4.817783531604778,85.26836164794442,8.69245877,7.827314680356779
Chicago,5/1/2024 4:15,29.133096690673916,72.84537426590904,7.750119385654715,23.887684535288127
Chicago,5/1/2024 4:17,14.067009022885621,84.03413561399853,1.8963532305170805,24.35966543727514
Chicago,5/1/2024 4:22,30.612566601726193,58.08940310256774,6.314712156141795,4.563314721917941
Chicago,5/1/2024 4:24,33.68720848921437,73.92423085254212,0.9790692980118376,12.389944815415369
Chicago,5/1/2024 4:32,0.6023365056914294,65.41091981,6.5791961477157725,9.180326640712973
Chicago,5/1/2024 4:34,19.173650868761957,38.63458657074867,0.7001324487152039,16.757378405885856
Chicago,5/1/2024 4:38,25.720647971560687,30.247154821629657,8.528043321638647,14.48040937612101
Chicago,5/1/2024 4:38,32.11347403336028,85.85393875666705,4.563147004298834,5.982248385885364
Chicago,5/1/2024 4:38,32.57625452859134,33.74921517023503,7.370820057541843,14.22252492837966
Chicago,5/1/2024 4:40,10.928211546669235,43.39582454775591,2.9223903186564093,19.459012673724306
Chicago,5/1/2024 4:40,30.165112756681346,54.54998246605986,0.48563097831995083,10.221882700335298
Chicago,5/1/2024 4:41,29.661991982463803,35.675681025278585,6.903952021120937,15.550449548889556
Chicago,5/1/2024 4:43,22.66331291888546,55.07867325718479,3.4226689918820963,0.8439657101113485
Chicago,5/1/2024 4:43,19.242627991837406,66.95991555,2.375733863259316,16.51474709
Chicago,5/1/2024 4:45,19.46473233,57.07366599,9.616684041131293,0.3258426052946217
Chicago,5/1/2024 4:47,10.729661355525476,84.85460440476092,6.6979652153280345,21.715172665583378
Chicago,5/1/2024 4:48,-0.055187234,89.96583566660328,2.9282828322276355,20.573974037022605
Chicago,5/1/2024 4:49,38.39585433347266,39.88498486515755,0.9064466308173724,8.316864456592931
Chicago,5/1/2024 4:49,-4.074823167,53.871289024812455,4.054278693618797,18.160923091239237
Chicago,5/1/2024 4:51,26.34798631,47.980984696933504,0.055307497,15.905744541530055
Chicago,5/1/2024 4:52,-1.091089726,73.18554100926889,2.2429912450922442,2.8279177478341264
Chicago,5/1/2024 4:52,-0.473381672,65.51150685966265,7.785166195280237,25.59511442445953
Chicago,5/1/2024 4:56,14.336363748777341,83.96677146018588,0.3279868590735391,11.05469074028136
Chicago,5/1/2024 4:59,27.832466681261494,33.71153717609992,4.743094260533186,14.093075598559842
Chicago,5/1/2024 5:02,29.959435984294466,86.92996269,5.662809021949635,15.714584967792259
Chicago,5/1/2024 5:03,25.493199640663583,57.32383591971148,1.2842259944995638,17.519699416199895
Chicago,5/1/2024 5:05,13.375492500610857,84.16905665462318,2.6259340613107627,9.108566029139439
Chicago,5/1/2024 5:10,18.35220168659129,51.06443979095933,6.026646964481085,25.522746093554332
Chicago,5/1/2024 5:14,22.753647345507147,51.07882173400871,2.6842962456188624,14.629940659748781
Chicago,5/1/2024 5:14,22.163451538809063,63.876007430532404,1.9741451915642205,11.296206132106969
Chicago,5/1/2024 5:17,1.0710075564964487,47.48255288676066,8.761369232864624,1.159457399452739
Chicago,5/1/2024 5:21,-6.352566668,33.38934907538098,3.8895525898229657,12.093624808867173
Chicago,5/1/2024 5:22,17.176917160661556,59.66271088247939,4.1348264795380585,16.36953408228476
Chicago,5/1/2024 5:22,25.452807221261132,47.214518851874466,3.3532101955620695,4.831391775817022
Chicago,5/1/2024 5:22,7.938469765207039,62.52094778640437,1.0100218585009368,8.511249492
Chicago,5/1/2024 5:26,36.33988804603185,48.374423174082395,4.311531709092478,21.679022388693497
Chicago,5/1/2024 5:26,17.936474146919405,73.96512944982959,7.649533977090562,28.29385524921253
Chicago,5/1/2024 5:30,14.33438670036196,73.56707404224738,8.060870784607907,2.269804722373384
Chicago,5/1/2024 5:30,31.891410696065016,54.112896667869634,5.957955004068673,21.271724000934196
Chicago,5/1/2024 5:33,34.09073185973998,46.167631492237504,9.880458126285495,7.525326553180827
Chicago,5/1/2024 5:37,23.292450879836935,57.290598691889045,2.652962136281464,23.079020511666823
Chicago,5/1/2024 5:39,37.66812681555108,39.72797886318748,3.200175682,11.433226459967301
Chicago,5/1/2024 5:39,7.348015063304857,88.31968143,6.785368111771576,13.26613667591125
Chicago,5/1/2024 5:42,-8.690153295,60.059520558786105,8.339682544054632,25.577092944653543
Chicago,5/1/2024 5:42,24.394848287734817,65.70628187,6.990564065663101,13.193397990309258
Chicago,5/1/2024 5:45,-7.87983694,45.72059694008088,2.144446345757883,9.583961090211538
Chicago,5/1/2024 5:47,14.152492442373546,64.20306502045275,7.079011990331968,27.083076292757582
Chicago,5/1/2024 5:50,25.947697380348565,77.36936503296693,1.1193569059535957,21.49114684020695
Chicago,5/1/2024 5:52,10.690021855034967,56.92111014529188,1.4275686697399737,28.438795346131432
Chicago,5/1/2024 5:55,39.97715695144694,67.11804877194263,6.612196295525403,15.125437463040326
Chicago,5/1/2024 6:00,14.228829456988127,69.46875213872092,3.1359973263216623,24.924041460012557
Chicago,5/1/2024 6:02,32.38916891086107,77.80903427365885,4.776784821930687,7.387948947495419
Chicago,5/1/2024 6:02,-5.539964953,42.51713899743278,6.225251117206262,25.64725389104903
Chicago,5/1/2024 6:02,3.201717203923213,60.26826631118723,0.036885973,17.584628934608983
Chicago,5/1/2024 6:04,-1.99808226,43.67427745,9.504143895990904,4.4727364090625965
Chicago,5/1/2024 6:04,39.50371882,40.35407979323267,5.748185041710078,0.9964688311025705
Chicago,5/1/2024 6:07,12.767378033597918,74.63307611949583,3.9587392402216457,2.1039617271790325
Chicago,5/1/2024 6:07,12.60035469148566,51.91734343649337,8.333137678790571,27.971966376472295
Chicago,5/1/2024 6:12,25.789191837198658,73.95415100850386,6.839771384,14.039036301957886
Chicago,5/1/2024 6:12,10.49000853075027,63.60977333974358,2.9395124429905053,21.910217416752634
Chicago,5/1/2024 6:14,-3.226575436,68.80088077709374,4.508431054,11.560544100612823
Chicago,5/1/2024 6:14,34.19923923455677,55.06830472,5.888292374,23.68961035
Chicago,5/1/2024 6:19,28.16877279261307,46.08368117146608,7.039642404522213,12.407796443247435
Chicago,5/1/2024 6:21,34.80826024083367,70.27053135876669,0.3838918991458695,8.065882634
Chicago,5/1/2024 6:23,14.734363025080004,50.61011728855965,9.149780147964307,21.185490275410622
Chicago,5/1/2024 6:28,14.120649108819865,71.84165067963744,9.902512842981515,19.457740521700327
Chicago,5/1/2024 6:28,11.334217765393387,87.38247421829254,4.071261031997219,23.14868318855254
Chicago,5/1/2024 6:29,4.273478485967651,57.38054389329189,6.889945604050631,4.063943874078609
Chicago,5/1/2024 6:30,15.857583890359916,38.782084494583934,6.472865268,29.217521364250587
Chicago,5/1/2024 6:30,-4.401104652,37.63420645,0.025975316193355136,4.062279758059853
Chicago,5/1/2024 6:30,7.404545612649898,59.84333553358667,7.485738599913421,25.500734632845926
Chicago,5/1/2024 6:32,23.35175658,79.04286390186788,8.572186083589239,10.78936199484108
Chicago,5/1/2024 6:33,28.03381281174653,88.90923723936764,4.269173097071195,27.57702664
Chicago,5/1/2024 6:33,-0.191244985,50.742216263221756,6.544730827,16.600100980400693
Chicago,5/1/2024 6:35,15.465394784835865,70.54245133,4.628896127397085,8.687306649003508
Chicago,5/1/2024 6:36,23.173137631030883,57.88724619957655,2.1558947000942363,1.3053444465534625
Chicago,5/1/2024 6:36,2.2657918657002103,34.305174928944965,1.6052272365440012,11.335396466589806
Chicago,5/1/2024 6:37,27.317722129425377,34.81537785,9.984804821558228,3.027349639
Chicago,5/1/2024 6:37,22.74698000903149,52.047199369349784,7.249727974554742,29.912551832924205
Chicago,5/1/2024 6:39,11.198691685442945,60.88909528251429,8.502755649634029,22.80991069
Chicago,5/1/2024 6:40,0.8779829482343935,48.331267839451144,3.4078172162639397,7.015045782907232
Chicago,5/1/2024 6:40,26.101167007690172,76.99700677931102,6.723684247961044,6.415113865267864
Chicago,5/1/2024 6:41,18.193702625160967,89.11109922811583,9.611396440246534,21.744703321246817
Chicago,5/1/2024 6:42,19.33532995350853,39.666550148798834,1.129919088097494,1.8876888010096482
Chicago,5/1/2024 6:42,19.509347167583584,67.86506568553565,7.828057188224187,15.010070146074174
Chicago,5/1/2024 6:43,32.73122885598635,55.39997577460973,5.340657687552044,25.40246711618786
Chicago,5/1/2024 6:43,16.222117470446815,42.52139413408402,1.4334514096782702,23.750209525681885
Chicago,5/1/2024 6:47,-8.029335805,65.09947280850164,1.5163235982099121,29.09033554768005
Chicago,5/1/2024 6:48,16.61730674,38.00142028024755,6.447857129443034,17.94786055844584
Chicago,5/1/2024 6:49,28.756117475093248,62.68305577622784,2.768389178454443,14.359563298242792
Chicago,5/1/2024 6:49,16.490540022224813,50.48451156834736,1.0785048281361787,27.223465337432298
Chicago,5/1/2024 6:51,-8.477714613,65.93476806782286,7.564471609795187,5.021054258422741
Chicago,5/1/2024 6:57,18.11068870650647,70.92572573059851,6.0472928148500396,23.115577069285386
Chicago,5/1/2024 6:59,-5.82662601,44.50720347,4.3456389121178205,9.684612643953441
Chicago,5/1/2024 7:01,-7.983897671,81.41318477027724,4.020674902267144,2.7328174326003607
Chicago,5/1/2024 7:02,-6.704982728,66.03381185,5.290171129717695,7.425747637593057
Chicago,5/1/2024 7:09,2.494208176708149,62.99650648856879,1.181513631880191,8.945785993838589
Chicago,5/1/2024 7:11,34.09958136962733,53.81695587330443,3.8053048831006544,9.845936684313415
Chicago,5/1/2024 7:14,7.241854302944304,65.35825489471507,0.088615182,12.195490219838309
Chicago,5/1/2024 7:14,5.663562977532763,38.446751906448604,6.723195410747765,4.392495294947421
Chicago,5/1/2024 7:15,5.795367457756598,65.99300070660226,0.9343312541112181,4.262804939118579
Chicago,5/1/2024 7:18,22.371778887357458,48.87997715,1.8046374815989752,7.467309378957533
Chicago,5/1/2024 7:19,26.01230373271433,54.501922160017244,5.781478356276343,20.04297782691119
Chicago,5/1/2024 7:20,6.962617025031463,80.78198117066093,6.7848958519103935,24.467764567025817
Chicago,5/1/2024 7:22,22.029878422495592,78.71878566970062,6.501053803680261,21.763927511083242
Chicago,5/1/2024 7:29,8.608849527611408,43.13654810415335,4.597271612923981,17.336078274230644
Chicago,5/1/2024 7:30,1.1590975220423996,59.80525196333734,3.144624158678745,29.616376455115923
Chicago,5/1/2024 7:31,10.014011955305705,79.62612037587006,4.506483202118181,13.705051137300373
Chicago,5/1/2024 7:36,18.722815780742224,49.795916211000886,1.9760890070075532,16.320158131080643
Chicago,5/1/2024 7:38,-3.727325183,38.581769842008086,9.645589613312426,13.42994904920902
Chicago,5/1/2024 7:43,13.04378142,68.11134506237173,8.680411630690797,16.70238583768346
Chicago,5/1/2024 7:49,10.847408039545261,79.27260446,0.6994688920801484,24.841738250260367
Chicago,5/1/2024 7:49,28.222562083892456,58.79894081341562,8.856661310826608,2.366587587732336
Chicago,5/1/2024 7:50,-1.527122398,84.18477646397909,9.229121533174089,29.846681387830294
Chicago,5/1/2024 7:51,37.70382999818029,39.60409811337813,3.912461430730194,26.460332303297513
Chicago,5/1/2024 7:51,32.465407138427246,86.41446894813531,2.663185153,5.933345229703397
Chicago,5/1/2024 7:52,31.261974389067653,83.65382375,4.395354818665686,19.58621274809406
Chicago,5/1/2024 7:53,21.472524005046377,87.01678440082003,8.063985120931422,18.74557344264477
Chicago,5/1/2024 7:55,9.183076460825632,47.00337801,9.983952967,12.718210929726867
Chicago,5/1/2024 7:55,23.867025450225235,51.978550139731354,0.8146961354794913,0.7421355084957626
Chicago,5/1/2024 7:57,38.84877096618597,64.3623685,8.892140344,2.3280377698884234
Chicago,5/1/2024 7:59,-1.267469034,87.61543402160825,7.5919541526485705,6.823475866456724
Chicago,5/1/2024 7:59,39.55640857333671,84.90032745641766,9.300366063736613,14.808045263544091
Chicago,5/1/2024 8:02,9.463919171,82.98867789458238,2.151332010361131,17.057169626327934
Chicago,5/1/2024 8:04,4.514064873,51.142649628288936,8.016066986224773,11.57024531102097
Chicago,5/1/2024 8:06,-2.800842983,56.80233538,9.854314979280195,15.020477402275086
Chicago,5/1/2024 8:06,12.507767933098627,88.58418897841841,9.87724573,24.780633749162014
Chicago,5/1/2024 8:07,19.226452891415356,46.45655824498779,0.27140938867057596,18.86754217062504
Chicago,5/1/2024 8:08,25.68746097038342,33.27367550646227,2.1738440798791334,29.989413979802553
Chicago,5/1/2024 8:08,38.29147904681927,40.57118516453549,7.637318049291167,18.729910087001407
Chicago,5/1/2024 8:11,37.922263692693065,60.36564227537137,3.1622950572344752,20.64877646195625
Chicago,5/1/2024 8:11,7.308881974918673,80.06218002461387,2.2224565458494805,4.963821817445348
Chicago,5/1/2024 8:15,34.15406492483091,79.45591075136542,3.6160236755241537,8.986822636164627
Chicago,5/1/2024 8:15,28.87808509365113,69.47363817131932,2.017317492872289,21.69318565852846
Chicago,5/1/2024 8:17,6.4887995891937855,61.05883080108044,7.612625347611024,11.977368413032352
Chicago,5/1/2024 8:18,39.376701911467244,79.46426473400497,5.422883454345352,0.9302058086179255
Chicago,5/1/2024 8:20,6.0227438610338275,70.11304879686435,2.414235068130256,6.108547941151405
Chicago,5/1/2024 8:24,18.812463937704493,67.91165357993461,5.658332027349031,16.21772793084626
Chicago,5/1/2024 8:24,34.296173529149705,30.737607956243394,5.2731587285173545,9.797248705530473
Chicago,5/1/2024 8:25,9.419647496383725,42.20729281413899,1.6768873396522732,5.7231023799402845
Chicago,5/1/2024 8:29,3.2446305358324636,54.575589916177876,1.6932719358999015,28.541002189334055
Chicago,5/1/2024 8:29,4.311135278930026,87.47213430390221,5.9095184365066675,29.854340924686298
Chicago,5/1/2024 8:30,25.007876887737297,53.77785932075143,1.685143889307028,12.138388016587779
Chicago,5/1/2024 8:30,30.76040303961149,36.94568984775001,1.5817023972559308,1.4423347023806221
Chicago,5/1/2024 8:37,34.84691405486721,85.71174278554264,7.840213952,21.463561652521253
Chicago,5/1/2024 8:39,36.73740440742869,49.65917242590169,8.653853753477613,17.90876895892382
Chicago,5/1/2024 8:44,3.2367554695526977,72.45208110537286,9.352913448,2.2303592815833917
Chicago,5/1/2024 8:44,30.028422514763434,67.94428511,3.192097655846018,0.3289236935366524
Chicago,5/1/2024 8:44,-8.910523886,72.63621832868432,7.679693010984065,27.81602356465426
Chicago,5/1/2024 8:48,24.91569189,47.832252218478565,9.825146238684404,11.289747320985564
Chicago,5/1/2024 8:49,37.272454698686744,87.86453960235636,1.3502422871120257,20.97358276405196
Chicago,5/1/2024 8:49,-5.702896406,53.65782402990984,1.0433150084136633,12.740500189779912
Chicago,5/1/2024 8:50,25.83470071171564,77.56985235119168,2.6150937225232807,24.10370032510166
Chicago,5/1/2024 8:51,27.56717040048698,42.25693176452066,0.7581871885964009,22.37505685442071
Chicago,5/1/2024 8:52,25.69840438426573,37.97805633866113,0.81525595,4.285480251087453
Chicago,5/1/2024 8:58,33.29633038206808,39.43738532174786,8.868919980425416,28.45572997906325
Chicago,5/1/2024 9:00,0.042584755,38.542927293425585,6.0164570298839495,26.709678320321153
Chicago,5/1/2024 9:00,-7.813529561,56.32756009590734,4.157239647348905,20.161002074312428
Chicago,5/1/2024 9:01,22.36951480317824,68.66542864,1.0106063046059033,23.28413782375896
Chicago,5/1/2024 9:01,13.44041197076384,84.52972628066614,5.146441226380629,22.65507279196346
Chicago,5/1/2024 9:04,0.5545686639088139,63.443313726025885,4.430736023,20.00419570395372
Chicago,5/1/2024 9:05,2.6254758893543375,81.24745119663532,0.3764556778901518,9.870932276893756
Chicago,5/1/2024 9:06,7.263960454098509,83.35945060503433,2.771416814816109,20.663063464240146
Chicago,5/1/2024 9:06,22.68608584570118,43.24316453849673,5.635800456164668,2.4889889190887637
Chicago,5/1/2024 9:08,9.478945213384229,39.045248778834335,3.624368923258161,18.672680715659116
Chicago,5/1/2024 9:09,26.129438651767735,57.715381798168984,0.41050719027056704,12.29788940559577
Chicago,5/1/2024 9:15,12.436505006157947,62.10980295622221,8.626210948672368,3.9271170484110405
Chicago,5/1/2024 9:15,4.637748896605391,51.51362579588749,4.086829930865391,24.807000564896303
Chicago,5/1/2024 9:15,-4.866629675,85.65591124885194,3.0567299395267558,23.302068630156878
Chicago,5/1/2024 9:26,-1.120536501,41.74115392621677,2.816921858081798,5.220386762817344
Chicago,5/1/2024 9:28,6.373360981469403,47.195249877577965,6.088834034,13.632747312079772
Chicago,5/1/2024 9:33,-1.401979958,89.93979001411194,6.216724579,23.318508688583854
Chicago,5/1/2024 9:34,-5.142994508,78.26472739524219,1.8399167491526336,10.45584297
Chicago,5/1/2024 9:35,-1.129807344,66.25424249,0.074571817,5.004095650913991
Chicago,5/1/2024 9:37,31.686892196674833,65.40341881640722,5.420216029027074,27.315412362281823
Chicago,5/1/2024 9:38,-0.225369776,32.96980838073806,7.470336501100682,24.376560815051498
Chicago,5/1/2024 9:40,-2.554044158,89.74350688993437,9.795001215261415,21.07549143946595
Chicago,5/1/2024 9:43,5.53778757,68.43897969462473,1.0887716142520254,20.11823505813712
Chicago,5/1/2024 9:47,24.388318666400153,49.812683266105765,0.4690765940972441,23.953687696363392
Chicago,5/1/2024 9:50,-9.526825219,64.46690067148556,1.5012470429896307,10.981455800259022
Chicago,5/1/2024 9:51,8.015335670454686,59.59758952,4.189935171462043,17.757155761819597
Chicago,5/1/2024 9:51,2.1255786083375448,72.55338967873033,7.288202073,17.420175850773756
Chicago,5/1/2024 9:54,31.044353779300536,72.36638164,9.079837547810069,25.32759118357109
Chicago,5/1/2024 9:57,37.14656117459186,46.04135800150291,6.297813154004165,21.003127526918774
Chicago,5/1/2024 9:57,39.095904036029964,70.14852025883786,4.139266825114101,11.811143617119486
Chicago,5/1/2024 9:57,8.632778187133592,44.415451555660425,9.050787833135054,23.57098619242847
Chicago,5/1/2024 9:58,33.08713849938234,43.542125234648395,7.366280937630067,22.89310124303689
Chicago,5/1/2024 10:02,21.97240572174449,44.33946990096691,0.083411429,0.7853458173741235
Chicago,5/1/2024 10:03,31.250384852544364,44.78512792262287,9.324060779144142,19.659824375675644
Chicago,5/1/2024 10:05,19.14575463,78.54553278203782,7.368269557048608,7.7387788095755035
Chicago,5/1/2024 10:06,25.502466756289245,47.259128200876205,3.3634577208384697,20.594446434557867
Chicago,5/1/2024 10:08,8.200760607,89.63670741729712,8.789981844784108,29.82969678515605
Chicago,5/1/2024 10:08,7.438830099747655,57.07631425137957,7.172083083256724,26.651475691343002
Chicago,5/1/2024 10:09,11.387368610090444,83.69005244704108,6.929779541750629,25.377956203530967
Chicago,5/1/2024 10:10,-4.559235175,57.00089060599763,6.130014180676261,0.8275043546562211
Chicago,5/1/2024 10:10,21.236821317315055,86.35680502,9.959570697171745,7.3998590550740975
Chicago,5/1/2024 10:14,5.004045222303263,76.17783514,1.0419673848464306,21.274162471464503
Chicago,5/1/2024 10:19,1.9116731720778475,86.90279298,3.4421811219439604,12.279293413011887
Chicago,5/1/2024 10:20,39.90223651932989,36.21580038,4.027396513535562,19.68900273012851
Chicago,5/1/2024 10:20,30.38878583500346,73.93718698,5.307862819765228,7.259281253314068
Chicago,5/1/2024 10:21,32.74060212565705,58.82015030124202,2.407818135645358,1.9727079626274646
Chicago,5/1/2024 10:22,-0.021864223,55.55760464378632,3.7509490570257844,23.595099989464966
Chicago,5/1/2024 10:22,21.093339755923953,32.723254059634364,6.8311580399414975,6.587747320548135
Chicago,5/1/2024 10:24,26.166725178290562,65.28168472381562,4.687375680363546,29.883011453375673
Chicago,5/1/2024 10:24,30.295812109134474,66.72749007199894,3.9268532808544787,28.867748318382475
Chicago,5/1/2024 10:28,-5.961739692,75.71165778,2.0626029992622605,9.867923200109095
Chicago,5/1/2024 10:28,36.60789531961711,87.46758732593526,1.9561278374682123,11.343030643289659
Chicago,5/1/2024 10:29,24.56863048032895,48.43979778,4.019630529594736,4.352905649232165
Chicago,5/1/2024 10:32,7.781323997650411,88.6490795,6.973006605689531,0.6100858969233502
Chicago,5/1/2024 10:34,22.12400553141684,51.223410782886816,5.8326520655090555,9.289673888400694
Chicago,5/1/2024 10:37,20.993756848972016,64.73758529152627,7.167513256782048,18.539811662089196
Chicago,5/1/2024 10:44,6.189458171162684,73.67382995481611,5.592286005907649,20.64102394697068
Chicago,5/1/2024 10:45,15.390257822186108,34.75047240994478,3.3865979417064684,0.3130723975192551
Chicago,5/1/2024 10:49,7.750152314791663,37.948855135791504,9.084451398863376,18.062120990646775
Chicago,5/1/2024 10:49,8.953448898047263,35.30570780613442,3.5783274661050934,26.07051008629437
Chicago,5/1/2024 10:50,39.008839514785905,65.70023884,0.6758467646688904,20.34203396503085
Chicago,5/1/2024 10:50,32.48055931434533,51.06426462340552,3.6914936433145726,19.70682901388197
Chicago,5/1/2024 10:54,18.446499271293664,62.33976028593105,0.5757273793157192,29.281665165822492
Chicago,5/1/2024 10:55,17.245927351368906,32.66285643473854,7.03751569,7.468213620469894
Chicago,5/1/2024 10:57,38.072244273539596,39.45921233293032,7.3615523008603025,17.027849390914202
Chicago,5/1/2024 10:57,15.550091133973911,44.52743542115721,7.9382292699371995,17.000039485270236
Chicago,5/1/2024 11:01,10.004934031929466,49.02433552525427,5.775831715366873,9.535559573186372
Chicago,5/1/2024 11:08,28.098978829396387,31.019493660134707,1.7678683343753387,9.524789790001298
Chicago,5/1/2024 11:09,6.634223224360202,37.59631874702723,3.620501380946104,7.974027696766894
Chicago,5/1/2024 11:10,-4.963229293,30.70511148768432,5.910870014804664,8.602078125270754
Chicago,5/1/2024 11:11,35.05681337058059,80.83089857715268,3.0226706314623075,19.064237804953272
Chicago,5/1/2024 11:12,39.10333682873019,55.277197051833916,6.730828582286517,19.340882583661266
Chicago,5/1/2024 11:13,36.07361418928417,32.528030626157054,4.146969987733159,20.87050020730558
Chicago,5/1/2024 11:16,3.224825949357566,61.69601814,6.031444992878773,3.632499082094128
Chicago,5/1/2024 11:17,-4.019047997,48.04549860781316,6.4450944129814145,12.035875238000418
Chicago,5/1/2024 11:17,9.593296244059466,45.198710696907014,6.128574362593103,1.7371485315343804
Chicago,5/1/2024 11:18,8.005684127661759,64.22594770061968,3.709757438246204,8.543863095576297
Chicago,5/1/2024 11:18,5.380206765602555,32.845105446150015,6.057301021263537,15.59699035955825
Chicago,5/1/2024 11:18,19.98120393288592,59.427462547370574,6.800225791389364,21.292343022251135
Chicago,5/1/2024 11:21,14.64388868094153,34.52337810762045,1.3047915762305184,8.453942674
Chicago,5/1/2024 11:23,39.98576600781736,30.742347040998325,8.227457717488422,22.531447674157082
Chicago,5/1/2024 11:25,35.17825917376342,30.298889851664473,8.284753805475603,24.866586031372908
Chicago,5/1/2024 11:30,28.69313417427083,60.42533088580225,6.334164766,3.6701279465311885
Chicago,5/1/2024 11:34,35.14508348850255,55.776499517979126,2.8797272211761604,20.435557026622813
Chicago,5/1/2024 11:37,-4.023573777,79.18594636812273,3.5386686827391864,29.256654080050748
Chicago,5/1/2024 11:38,35.811771764280785,69.34986471,9.986227959636226,16.340192333757095
Chicago,5/1/2024 11:39,13.380536529234735,71.90799046993392,5.657135831065964,17.618819452248527
Chicago,5/1/2024 11:41,-2.460852767,66.66268231626621,4.584127693120129,2.498013655034461
Chicago,5/1/2024 11:43,5.456532506581233,42.342856151738175,0.051431352,21.568578412784483
Chicago,5/1/2024 11:45,-4.733421466,83.94626812719972,7.398419895901967,5.949215144418415
Chicago,5/1/2024 11:47,24.684321438381822,62.81315312427655,9.888439044718755,2.042760542059532
Chicago,5/1/2024 11:47,-2.299629201,82.07049464077099,5.718876951,19.982946390015073
Chicago,5/1/2024 11:48,28.329189621817264,68.17354680879697,4.951058291894459,8.923052916831553
Chicago,5/1/2024 11:48,35.44167441048055,44.38987724410398,7.492047610156462,7.630698181534498
Chicago,5/1/2024 11:50,31.193130004017426,82.01065952969773,3.591545199559106,0.041529533
Chicago,5/1/2024 11:52,32.45682784801092,43.73918852537397,7.646684486120306,2.9631974723318133
Chicago,5/1/2024 11:56,22.34035982571457,78.84657403430109,0.9146695755319134,20.246585505029692
Chicago,5/1/2024 11:56,-1.383925036,76.63650585879199,4.728551132098878,16.502678656905136
Chicago,5/1/2024 11:59,16.259966705495586,53.73321512843032,4.452953896891861,29.64809656359058
Chicago,5/1/2024 11:59,13.93500286007016,69.20220596653803,1.0483690519408773,26.92762159110241
Chicago,5/1/2024 11:59,-8.030494246,77.48214690143264,4.492936011,24.570078217438617
Chicago,5/1/2024 12:00,-5.231033497,42.46392084222407,8.050193449918664,20.245562407549478
Chicago,5/1/2024 12:01,38.14974010454339,52.47907868221174,8.225076236626535,13.899622132454741
Chicago,5/1/2024 12:04,25.665979720965964,35.787436377308666,7.894532133490552,0.6522698358216583
Chicago,5/1/2024 12:09,5.762680813540648,76.45843779137138,5.135642094421872,15.665457193616442
Chicago,5/1/2024 12:09,31.802349194397422,38.10379255,7.463594134188497,12.716200269289846
Chicago,5/1/2024 12:10,-2.682770413,57.84216506445766,8.185260144,24.73715792531617
Chicago,5/1/2024 12:12,-3.010815166,66.92730032,4.872614182480779,3.503862106485214
Chicago,5/1/2024 12:13,8.188646547505709,59.35038191810331,3.5975049297163384,14.221969279898627
Chicago,5/1/2024 12:18,-7.062255443,65.88066850145594,3.741154968412931,11.02656516305009
Chicago,5/1/2024 12:19,33.783861085462185,59.93968020518318,9.586359501522258,18.485590972408097
Chicago,5/1/2024 12:22,-5.523551903,65.97661537564082,8.613880309956507,14.478236405295794
Chicago,5/1/2024 12:22,9.892126762413039,77.31461833420454,1.8785484850171708,5.134492071411728
Chicago,5/1/2024 12:23,-3.734280886,51.55537942037846,7.783709668906923,2.203465788251796
Chicago,5/1/2024 12:26,12.987922076024297,76.59366279669479,2.1661288638425216,1.4525052847396291
Chicago,5/1/2024 12:27,23.682692544845104,64.44930103,9.258726412,17.493345265272442
Chicago,5/1/2024 12:31,33.13864940901946,84.64693930962233,0.11559790508438028,14.065612352769081
Chicago,5/1/2024 12:32,7.181303304386198,52.825991091944424,0.700620993,29.38402072236647
Chicago,5/1/2024 12:35,17.522722989497534,77.49645697487838,1.2127689722334334,23.994843657585047
Chicago,5/1/2024 12:35,34.23913652956424,67.50862195764914,9.320788469305276,0.6487351688327325
Chicago,5/1/2024 12:36,-7.2489391,46.652855498322346,0.8172030250154227,8.195904528034577
Chicago,5/1/2024 12:37,10.32004924745938,62.78508947848394,1.3341296257773239,21.54269497958043
Chicago,5/1/2024 12:38,22.61491000772771,64.18801640259497,0.7933466572115866,29.462933427274795
Chicago,5/1/2024 12:38,9.375780952004384,43.682647000760284,2.5178991471528054,0.9777450116061925
Chicago,5/1/2024 12:38,38.08470963167119,75.18566289288373,1.4544624522260818,16.83922589567792
Chicago,5/1/2024 12:38,6.711113456003311,53.329558954587526,1.4918910075447644,5.946158857073876
Chicago,5/1/2024 12:44,8.613358144932512,87.09184021042579,0.4146429751927694,6.476652092776559
Chicago,5/1/2024 12:44,5.2647452674922075,33.727842815214586,5.737282954546201,24.282115251973167
Chicago,5/1/2024 12:45,30.97662304423823,30.132988418443738,0.004267231,21.040199951074857
Chicago,5/1/2024 12:47,14.166978068847929,50.34094814679557,1.4878270867683496,19.354886638567994
Chicago,5/1/2024 12:47,11.672981271014436,67.24102990825847,1.8126061568467466,10.937783545307411
Chicago,5/1/2024 12:49,39.84071582014627,79.07063849871481,1.431208862052633,15.640418806738635
Chicago,5/1/2024 12:50,27.501365110926933,43.34890730200567,4.288502761887553,25.427863756280033
Chicago,5/1/2024 12:50,-6.139194536,38.31407943603024,7.746854178706918,24.471614086211225
Chicago,5/1/2024 12:51,21.325843733260132,54.32572623,9.587485436398616,7.613530147235462
Chicago,5/1/2024 12:56,34.812127305904866,85.33155588359844,3.8648418569676632,19.463151382498765
Chicago,5/1/2024 12:58,0.6481545426836419,42.45488077427041,7.905348094074145,20.96156785017294
Chicago,5/1/2024 12:59,13.494078940211686,82.29897403786708,2.1673688671692504,12.192940413243347
Chicago,5/1/2024 13:05,25.59775780481427,35.879179697989976,3.000445922694971,4.321496133661834
Chicago,5/1/2024 13:05,8.033676875,41.75848573616547,3.216080069388796,12.076441915283032
Chicago,5/1/2024 13:06,19.86873889971624,88.33695667210792,4.228352896389386,19.380475535476645
Chicago,5/1/2024 13:10,30.459035808621778,56.10007870196423,5.059862953933037,23.10320850820894
Chicago,5/1/2024 13:17,32.89312671811577,37.99601457408555,2.0265691247763797,6.546897427873066
Chicago,5/1/2024 13:17,33.71333489405779,33.41652676552209,7.470246910255208,15.543055223982394
Chicago,5/1/2024 13:20,32.30166379162505,72.43454733052312,8.484299721589995,6.814041618270998
Chicago,5/1/2024 13:23,39.361572960396344,71.38808646777107,3.1941684222810407,19.044422684541804
Chicago,5/1/2024 13:24,15.819457194447036,32.21388334731884,0.6255512198096946,6.252995864033788
Chicago,5/1/2024 13:26,22.682363609475864,70.63856724386937,3.600677780565623,17.16810552
Chicago,5/1/2024 13:27,6.614898472747264,83.73900344606325,4.261625891220806,1.1841906131479718
Chicago,5/1/2024 13:27,13.944379671967237,75.57931917,7.052385638910917,8.230380437326264
Chicago,5/1/2024 13:29,39.55420139192777,42.91831406759695,3.1533124102140544,9.993878304891245
Chicago,5/1/2024 13:30,7.132466007367125,37.835872177446326,0.7535302495823104,10.06846218928989
Chicago,5/1/2024 13:34,31.86438758262309,77.70101675157008,5.615838003265474,2.1267004973876946
Chicago,5/1/2024 13:37,24.68353099470542,38.56675455413881,2.9226314071987023,2.972074005972819
Chicago,5/1/2024 13:37,35.76276196189036,60.23737436203544,0.7267252504552191,24.936152429311548
Chicago,5/1/2024 13:37,-1.861413105,41.344373620095055,7.156862891215173,2.9188290412873688
Chicago,5/1/2024 13:39,24.637242365801974,51.21071237601377,6.252492337,20.379061541233014
Chicago,5/1/2024 13:39,21.12978026371036,79.59710016626812,1.1011100563463883,29.64861148
Chicago,5/1/2024 13:42,34.09738511326586,85.83577248472677,9.527344633412712,5.783828866253728
Chicago,5/1/2024 13:44,8.792435366547554,83.74089877854104,1.946529372860657,8.367092301100618
Chicago,5/1/2024 13:45,18.093717364814246,47.55079023385561,2.4884252490196213,17.70018265640117
Chicago,5/1/2024 13:45,-6.511419086,76.42551763207699,0.6142878617246794,16.601920793819083
Chicago,5/1/2024 13:46,28.802307623055754,44.02571184713616,1.5424071297168152,25.934475281626124
Chicago,5/1/2024 13:46,8.039911633012114,82.57857187539793,6.607100276035184,15.442057977897578
Chicago,5/1/2024 13:48,20.310773174009608,51.630442873159126,0.40270725578404054,6.692045154059761
Chicago,5/1/2024 13:53,-0.182472169,74.19407347213567,7.200823123349052,16.505498267613838
Chicago,5/1/2024 13:54,19.49783496076826,48.63102648468506,7.819580279279791,11.841595129752378
Chicago,5/1/2024 13:55,10.285245290076372,67.33321859,6.607679802869336,0.8687131729662201
Chicago,5/1/2024 13:55,0.9744405522584252,59.68315189537286,5.920151822674304,10.739396220066888
Chicago,5/1/2024 13:57,0.6476672252432518,55.95417488062628,2.450835713481656,9.457676908992166
Chicago,5/1/2024 14:01,-8.400783341,83.86421319218266,0.8412864952659305,18.586531551049358
Chicago,5/1/2024 14:02,7.434273538497251,44.89928029649991,1.432387708785119,28.73083548712813
Chicago,5/1/2024 14:05,5.0240879967535825,34.768687618326084,4.973047654513698,1.8741020914230722
Chicago,5/1/2024 14:10,15.352336700993188,52.71431390708361,2.0777927801608675,8.228518577589456
Chicago,5/1/2024 14:11,13.373430980442144,86.09763558,4.532511895681891,23.09488431886819
Chicago,5/1/2024 14:11,8.746436016933941,37.03833780638935,2.040338788409942,18.970899265648075
Chicago,5/1/2024 14:12,37.24026685399542,70.70239724413382,0.8818350933900998,23.31543523999524
Chicago,5/1/2024 14:13,33.03465716939752,55.59502477851692,1.0912748483726697,2.8272272012574327
Chicago,5/1/2024 14:13,-7.442904293,53.683775792393064,2.5723985518754153,29.579981835864196
Chicago,5/1/2024 14:16,13.644852597177891,38.78941806967351,1.3331792748100457,6.984080960691648
Chicago,5/1/2024 14:21,24.252850555731015,58.53191846891542,3.698989219812343,1.876660678605504
Chicago,5/1/2024 14:23,27.75291546415839,88.13060045090134,2.1557236662373134,7.796089457533198
Chicago,5/1/2024 14:28,19.695312903365622,46.24437087240238,3.143329530736483,10.92712811
Chicago,5/1/2024 14:28,23.938714511871268,67.65340426468495,2.7393870590701344,9.883808875690626
Chicago,5/1/2024 14:28,-4.314285917,52.562201750923855,5.685947026440298,5.694710195183518
Chicago,5/1/2024 14:28,3.780574004255069,37.17336780236223,9.974975915,16.09875572537832
Chicago,5/1/2024 14:30,-2.85550013,84.32717327093523,4.003437510694559,7.703152991287326
Chicago,5/1/2024 14:30,1.6278703171598554,79.24602935,9.166928995349203,3.225268289942097
Chicago,5/1/2024 14:32,2.905603394561716,53.06513319668902,8.622318292247108,24.732085933423953
Chicago,5/1/2024 14:32,18.912700143727832,76.39414439,9.128177554,16.011785185246474
Chicago,5/1/2024 14:36,-1.421315825,73.39833566186266,9.790284849732872,9.306706526551128
Chicago,5/1/2024 14:36,20.388393191333247,77.84952251152606,6.690971646115803,22.748394562488087
Chicago,5/1/2024 14:36,-7.935491503,83.34577930197256,0.9967093003149707,8.309329322526537
Chicago,5/1/2024 14:37,29.447897583321385,86.73477469982605,1.7704821847988106,7.813206110912569
Chicago,5/1/2024 14:38,4.034370787237515,38.02930505713768,7.708394717709743,24.651786488602106
Chicago,5/1/2024 14:38,20.539064463729108,58.08738968146217,7.407603253571625,9.034665446003036
Chicago,5/1/2024 14:41,-1.480955058,78.93071533,5.774818393653613,29.755420458791487
Chicago,5/1/2024 14:42,-4.337401327,57.44481914,9.398437847,23.101264770878373
Chicago,5/1/2024 14:44,17.315712669670138,61.45373103328645,9.393729480496852,19.058929324298262
Chicago,5/1/2024 14:44,0.35971042264590736,61.52110503412295,2.7744976290561674,29.929430372747923
Chicago,5/1/2024 14:46,11.10020308398789,87.22798608956589,8.006793649752925,3.3241376152063937
Chicago,5/1/2024 14:46,-5.492731551,31.071355789382505,4.663923738323757,24.473468916971026
Chicago,5/1/2024 14:48,33.93067724772246,56.00701536329064,4.398868730206549,0.2665849409892129
Chicago,5/1/2024 14:49,0.11128792495006223,35.81621885798134,2.2764250498798755,1.0780792932854588
Chicago,5/1/2024 14:55,2.8987500944864824,74.69897185,1.7810720423507387,6.495824425622708
Chicago,5/1/2024 14:56,-3.343854763,67.28135794352885,9.896798795604836,0.8158991088973477
Chicago,5/1/2024 15:01,-3.37454511,42.20312095088829,5.539106747058008,27.555230027327855
Chicago,5/1/2024 15:03,10.657693464035336,74.8830523,6.865531430524282,26.41556238254855
Chicago,5/1/2024 15:07,38.189162174163066,67.58127043794954,2.075981297733297,7.411828262005308
Chicago,5/1/2024 15:09,12.553566437712302,77.50762281191723,8.629048882687322,1.9715773886066623
Chicago,5/1/2024 15:09,36.05902372132063,69.22607485107619,4.295982835468024,19.159851714501123
Chicago,5/1/2024 15:15,27.64918957177479,69.80295841169044,0.014557340134662144,0.002393826
Chicago,5/1/2024 15:16,6.468759874487262,41.960464548008034,4.207113100273464,9.999027849405756
Chicago,5/1/2024 15:16,33.00154416268135,63.84721307,7.645310790567502,19.77714769367069
Chicago,5/1/2024 15:17,26.35114599915528,42.001421499895685,4.191845085418361,7.708236914292881
Chicago,5/1/2024 15:18,6.864865650688738,85.78876755263195,8.892323023505483,14.49219382327729
Chicago,5/1/2024 15:18,20.91416318376245,38.82413830656369,1.5742588207400043,11.439063324557903
Chicago,5/1/2024 15:21,29.580843195782577,66.08220122,1.1271360634079086,13.093438403816492
Chicago,5/1/2024 15:24,21.270686933204306,40.023514409985594,4.6388235582331285,11.377313576717395
Chicago,5/1/2024 15:30,-9.288790822,66.61572376929122,7.561943784800349,26.154712980918244
Chicago,5/1/2024 15:30,36.65288308341502,88.31832543923878,2.8019145242066057,16.751117705306562
Chicago,5/1/2024 15:32,-1.092497469,48.76811948522776,8.074305112298735,0.9052862428597652
Chicago,5/1/2024 15:33,-7.198244559,56.71894242,4.2611923980030175,4.438882818516151
Chicago,5/1/2024 15:33,27.076016021246147,51.337281491263624,4.380591121217762,19.688104537974496
Chicago,5/1/2024 15:37,23.73832107509294,32.07246792884594,7.340658093147162,25.883013721336866
Chicago,5/1/2024 15:37,38.53069128361153,31.676719328232647,6.806952484393687,4.512339263089171
Chicago,5/1/2024 15:38,1.998034962090026,43.91432792249148,5.459919157,12.229270617843346
Chicago,5/1/2024 15:38,20.52641367223739,71.90802465646837,2.5104840615264834,19.043523556438064
Chicago,5/1/2024 15:39,21.773789836654824,74.41520094991156,1.8530277893946256,22.548267971136852
Chicago,5/1/2024 15:40,25.891576921592836,78.47359011026622,6.6055891804737845,28.99017446044588
Chicago,5/1/2024 15:42,-3.028608402,85.36835141295354,5.270768824346836,3.801214152000351
Chicago,5/1/2024 15:43,-5.390062222,50.20653203029219,8.135606071904549,10.32094944276457
Chicago,5/1/2024 15:43,2.6934360523639267,71.72041729,1.477978077491725,10.854453092413115
Chicago,5/1/2024 15:43,2.470692384,36.60773728942176,3.443236945899153,16.97724287506553
Chicago,5/1/2024 15:48,27.68003286261144,30.07195110516455,6.147953589308849,16.405036223640654
Chicago,5/1/2024 15:48,-0.590774088,51.89201983,4.190807666442814,16.61592124021854
Chicago,5/1/2024 15:49,15.816866490163783,76.33728200428283,9.909283385388566,10.882379835850426
Chicago,5/1/2024 15:49,1.4153546634120637,85.36869731456068,8.664175540917757,1.1105618606776613
Chicago,5/1/2024 15:50,6.9630115541983315,47.361996358571716,6.700602124580044,22.97310011933788
Chicago,5/1/2024 15:50,-5.306187383,82.43731275,2.930605638643854,26.462411381263465
Chicago,5/1/2024 15:51,5.744285619654708,60.34833337918991,9.996957426,11.899485455973139
Chicago,5/1/2024 15:51,0.5273736351406857,31.243302578418984,0.37778000084185304,9.826500510053734
Chicago,5/1/2024 15:56,39.18788837402423,89.23141881862145,5.476951262574399,3.768899934628316
Chicago,5/1/2024 15:57,-6.764055964,84.24933091227675,0.42556151698344924,22.73962233622097
Chicago,5/1/2024 16:01,39.099193886157735,43.57719581986751,5.503130891107562,27.290275306543936
Chicago,5/1/2024 16:02,0.9905518372956088,86.85711863476863,1.2246185502469742,2.262213193789673
Chicago,5/1/2024 16:05,21.517337551597407,89.32574222128201,0.068625985,10.552495726067159
Chicago,5/1/2024 16:09,-4.887384148,74.21052230226633,4.530663319672035,6.668151157351927
Chicago,5/1/2024 16:12,27.799031606042938,36.03022724532499,8.249560193,23.016881510681444
Chicago,5/1/2024 16:19,3.646240382714309,87.53481846699381,6.68055908,16.25452259634261
Chicago,5/1/2024 16:21,21.74772795,54.60890251285052,6.357214589490956,20.99756554112164
Chicago,5/1/2024 16:24,10.921860904009947,50.09501798984837,0.086497962,9.028641431029067
Chicago,5/1/2024 16:24,7.697901496788209,65.93922891798522,4.96311308,0.517400909
Chicago,5/1/2024 16:28,-5.85360769,85.74648788300853,4.4113650035137075,17.782728601032716
Chicago,5/1/2024 16:28,4.1287300748265725,54.29736359232222,8.691075150348375,8.689956167934549
Chicago,5/1/2024 16:29,-6.295668741,44.88000930437521,6.6209430416620405,11.421747910668694
Chicago,5/1/2024 16:30,-2.852158489,36.89284584570077,0.9374525789503318,24.216873473876277
Chicago,5/1/2024 16:39,-7.882866254,69.72693584450943,7.237037652250344,25.335097378533526
Chicago,5/1/2024 16:44,6.820553465047382,40.385652562872565,8.285811255851517,13.46378829510271
Chicago,5/1/2024 16:47,15.251231411915775,78.06522026195198,2.9327689390562286,29.70181400805451
Chicago,5/1/2024 16:49,32.46511619531512,56.51882011424525,3.641700688761568,14.140498335211515
Chicago,5/1/2024 16:51,6.161202820742936,45.75916718861032,4.611658623345227,1.4364406776732541
Chicago,5/1/2024 16:56,2.600953299338503,53.71906792,8.559728341155127,2.7119292808174675
Chicago,5/1/2024 16:59,-0.921095183,47.07069152635027,7.519622089616645,1.5684819721041043
Chicago,5/1/2024 17:04,31.639074351444613,61.49672879999396,8.861561950614112,23.82967641911714
Chicago,5/1/2024 17:05,3.505358704035986,56.70603974,9.976527687092664,13.864974326793272
Chicago,5/1/2024 17:07,-6.253665762,86.50419987755323,9.108001118432796,28.291895645526647
Chicago,5/1/2024 17:09,23.19516526300115,62.62245381414656,9.851746459085678,17.36695069748593
Chicago,5/1/2024 17:09,14.726599675401395,87.38120853682928,6.299764782657196,27.153453305118898
Chicago,5/1/2024 17:12,-7.054330236,37.056967646765614,7.384430347692751,28.34828515980721
Chicago,5/1/2024 17:14,35.85480503036989,67.92456736384315,5.007285643853128,26.769412253825934
Chicago,5/1/2024 17:14,37.63875115169847,49.773490375536916,7.057181699,24.48953719696585
Chicago,5/1/2024 17:17,10.84585970886129,84.679635,5.309589266233714,19.378322663315853
Chicago,5/1/2024 17:17,35.61426238,34.35746971201096,2.7970457665901827,24.95113734523208
Chicago,5/1/2024 17:19,-1.306519846,74.00066905545452,6.776147696,24.64019875213364
Chicago,5/1/2024 17:20,18.790454628268996,31.140229899864526,2.7709221119430305,1.1438554873552198
Chicago,5/1/2024 17:21,33.10649154935989,76.92496294150729,2.101144128683785,5.841470169793668
Chicago,5/1/2024 17:21,35.56299706571148,80.18298462888069,7.5664754533786756,9.676055804154718
Chicago,5/1/2024 17:21,-2.914939204,33.12743896597074,2.241327868964804,20.311982204832315
Chicago,5/1/2024 17:23,-1.244063386,49.66759732069448,9.864947771268382,23.354179069420734
Chicago,5/1/2024 17:26,8.660949252445441,50.80955094,7.919318581599387,10.998341936334464
Chicago,5/1/2024 17:30,12.265690820660943,79.58377151114978,1.431967856255768,8.221029118008445
Chicago,5/1/2024 17:31,36.51934314512808,89.56978438107302,0.11118191066395999,23.51892609
Chicago,5/1/2024 17:35,26.463811370963697,81.07398837753726,5.107568045244289,4.052158748941116
Chicago,5/1/2024 17:36,14.501556289483723,51.46111572708871,9.130963951325299,14.38884823781317
Chicago,5/1/2024 17:38,4.775580326758641,65.31517333,2.633260626644854,24.991940273233332
Chicago,5/1/2024 17:38,8.177677633186295,80.20468190959762,9.084020373260579,5.187426877098807
Chicago,5/1/2024 17:40,27.975934674160897,46.91587204005089,7.192864991607194,6.025801324423808
Chicago,5/1/2024 17:41,24.67970773240601,71.89090852,6.868115284,5.003266936786157
Chicago,5/1/2024 17:43,7.5201354712812964,37.14469998158754,1.016408397881502,25.303961980539576
Chicago,5/1/2024 17:44,36.61971133142045,65.32442938,5.511546199787475,19.787831285116372
Chicago,5/1/2024 17:45,31.704059175055924,61.59482049553694,5.921426262300715,2.4661980957664587
Chicago,5/1/2024 17:45,17.217793795910257,89.18915208403126,2.1374585441695615,26.86508433
Chicago,5/1/2024 17:50,-9.761547237,52.200046971026474,6.5235553982598935,18.76151100300242
Chicago,5/1/2024 17:50,-0.021581609,37.15308179491088,9.170854169292506,25.69103627442167
Chicago,5/1/2024 17:54,26.128667664057488,88.44698184932737,5.4958486977992145,26.416561981308135
Chicago,5/1/2024 17:58,3.091087075,86.80128231980524,9.203874218941925,12.438189682138402
Chicago,5/1/2024 17:59,16.235066562635396,50.486940892722004,8.389478342989031,4.473950159802397
Chicago,5/1/2024 18:00,-9.963818091,76.46173243600069,0.2580873909559811,25.72698705033968
Chicago,5/1/2024 18:05,24.41877608462059,71.11698091505615,9.780816336,6.6854098763526215
Chicago,5/1/2024 18:05,-6.10683069,70.00897849063728,4.225907458401366,28.29452678956466
Chicago,5/1/2024 18:07,1.638946377490921,86.75707699,5.646040808224342,6.279491723753116
Chicago,5/1/2024 18:07,35.52272576970894,42.049558469192355,6.387653385273885,10.963675122693854
Chicago,5/1/2024 18:08,31.542345721755574,32.444274974049904,1.039259684424323,8.317046307230969
Chicago,5/1/2024 18:10,3.6243642150217887,69.19343041,1.6877516437249962,0.056688101
Chicago,5/1/2024 18:21,13.920337312817384,71.47983793974404,5.088508614,16.54165679952374
Chicago,5/1/2024 18:22,38.02349776401721,33.90400333,8.697638871499041,15.387468812752473
Chicago,5/1/2024 18:23,30.895177381176985,78.96543046378424,1.412634084704698,27.25827786
Chicago,5/1/2024 18:25,-6.60234427,54.90876031182001,9.828281703048958,28.29014211060622
Chicago,5/1/2024 18:32,8.734203799283485,70.17869847427603,9.399529506557403,3.452652461480097
Chicago,5/1/2024 18:34,2.9007437593535332,59.14199603310713,4.449537729084457,4.474879064087719
Chicago,5/1/2024 18:37,33.690254302724576,80.31826349304268,9.810245921429155,4.779828714763829
Chicago,5/1/2024 18:38,20.257767221569154,78.09161193495558,4.353100882943133,15.408271556677004
Chicago,5/1/2024 18:40,-9.135343627,86.13364319084343,1.356466299398822,24.26249374978402
Chicago,5/1/2024 18:43,-0.531543775,89.77505545041082,4.634483702309032,29.51804810530014
Chicago,5/1/2024 18:43,39.948495565349525,81.74744754398571,3.076536529642744,29.368158186443267
Chicago,5/1/2024 18:45,-2.501685803,51.0215285,4.3339816255270485,0.1246420475257215
Chicago,5/1/2024 18:45,6.884314709785812,75.35155540683422,3.6629489653588907,29.395606001487675
Chicago,5/1/2024 18:47,9.557526587501783,34.080412525036124,4.972778115093054,1.4207504539517979
Chicago,5/1/2024 18:49,19.49669842463589,71.16581283,9.594421627741848,16.348550941183202
Chicago,5/1/2024 18:50,-2.109548902,54.64864705624686,8.758039859,24.071295721651975
Chicago,5/1/2024 18:52,6.403676331940037,48.708683915883455,5.835542950059931,16.720875266623953
Chicago,5/1/2024 19:00,19.305483810628598,55.343208633941714,8.958936615311861,0.2532520032865837
Chicago,5/1/2024 19:00,-1.153139574,79.71818913557723,5.223365542841497,4.901776787715954
Chicago,5/1/2024 19:01,32.18681018782359,73.9545925,5.981024147953776,3.5124782444539617
Chicago,5/1/2024 19:01,-5.381162373,64.52048216942063,4.417099653714532,9.538152466066794
Chicago,5/1/2024 19:06,27.988095021883154,45.99667513940064,9.605590288385216,19.26249934080364
Chicago,5/1/2024 19:11,23.96919512206695,76.61273507573713,0.45909497070443783,10.237100369114271
Chicago,5/1/2024 19:13,13.447725047818718,70.94647892737274,5.548188953100489,11.903420233899201
Chicago,5/1/2024 19:17,36.48572692549447,38.541846391360416,1.6217017316317595,24.687809679152625
Chicago,5/1/2024 19:18,26.987457131491887,67.57467717741325,7.962690493760024,8.846356529401973
Chicago,5/1/2024 19:19,14.411893216435143,47.18059200745317,4.443477466942104,11.970750719966238
Chicago,5/1/2024 19:23,-6.77433643,75.58566049374289,9.976573374623028,0.6763762475687296
Chicago,5/1/2024 19:24,-1.108842514,76.92890173232385,9.904451517237552,17.055623333479684
Chicago,5/1/2024 19:26,2.1545416277189453,42.71226288766492,1.605107791689635,1.0211045417167774
Chicago,5/1/2024 19:28,27.462100629336057,78.24072208855145,8.227168437724032,1.2992813857996743
Chicago,5/1/2024 19:31,26.658400976067085,37.142993556525056,7.046812909996662,5.0291845183611725
Chicago,5/1/2024 19:34,2.157809010408471,87.40101886464882,2.5440484232561156,18.092557953670646
Chicago,5/1/2024 19:38,28.106545587849396,52.21092352972768,7.375044491439679,12.623835613695793
Chicago,5/1/2024 19:39,15.601472087360982,56.86647971073087,5.345454962654737,29.323776852376245
Chicago,5/1/2024 19:44,30.75792586206378,66.43326872525228,1.990625680070811,7.422385862670991
Chicago,5/1/2024 19:46,39.692077625094655,35.57077574197979,8.888960280622332,16.257776513929887
Chicago,5/1/2024 19:46,12.03518426722702,89.20961651338311,9.143740503812523,6.108255683705791
Chicago,5/1/2024 19:48,5.9211996940840255,75.32510271336011,5.385800297075194,0.6595196390547298
Chicago,5/1/2024 19:49,22.501283511244495,44.941470299600006,0.8709524138257962,6.128331005306965
Chicago,5/1/2024 19:51,5.761421461389819,59.97728823427779,7.980035352854725,1.3454820641428589
Chicago,5/1/2024 19:53,33.94875939357651,71.42470425480897,3.3906331948420476,7.299223257557573
Chicago,5/1/2024 19:53,8.127158802712064,32.30103134887639,4.332024167391059,0.2532013400822619
Chicago,5/1/2024 19:54,39.91386826573756,69.56711900716942,1.3565245879399779,13.296902324006224
Chicago,5/1/2024 19:54,-5.147909621,70.40945111528927,6.1504113440687185,2.6124445419563544
Chicago,5/1/2024 19:56,27.14458439155112,31.53340718971392,3.8857655952040924,9.846747945239162
Chicago,5/1/2024 19:59,39.34663685990318,73.12711878951436,3.5034182026117833,7.587814529771915
Chicago,5/1/2024 19:59,-1.430033963,50.975293124835275,1.6903568449544837,28.77032086
Chicago,5/1/2024 20:00,-1.499562404,85.41135517441242,8.422339124988248,21.56810778480086
Chicago,5/1/2024 20:00,37.28264468593173,43.93865472321091,7.653258271942099,15.797785469193592
Chicago,5/1/2024 20:02,28.72336485783284,76.16394922054073,6.987891159744136,4.956813502216604
Chicago,5/1/2024 20:04,39.94587532745111,73.35981193485262,0.544896816,1.2858365420651074
Chicago,5/1/2024 20:05,-9.271129565,51.18403338968591,6.639679457825868,9.133834342
Chicago,5/1/2024 20:07,36.21339221581612,80.7403222,5.748136308,14.945070731843815
Chicago,5/1/2024 20:07,19.623087181023934,49.419250142728714,4.267744490132802,19.743924210113853
Chicago,5/1/2024 20:09,4.449150692925922,82.55345850291457,0.2545447211184837,9.302261072828447
Chicago,5/1/2024 20:10,16.98417065656799,73.65139053813638,5.894980509115952,1.161273635368233
Chicago,5/1/2024 20:11,29.58744723657415,46.08307020656164,9.311288877671494,10.25592490259359
Chicago,5/1/2024 20:14,31.418837453330596,68.85271597719013,3.7478981688746082,21.28549575980428
Chicago,5/1/2024 20:16,1.3222057132708382,59.06637608962332,5.354487403413631,24.055954815031157
Chicago,5/1/2024 20:17,-4.778270911,80.39008207115671,2.812978714942055,9.447788949
Chicago,5/1/2024 20:20,35.442203971799294,59.960272903552074,0.15650775006529005,8.139578901587827
Chicago,5/1/2024 20:21,-7.877400467,73.50648321079524,1.7154748085169191,21.116231998133124
Chicago,5/1/2024 20:24,-2.25849262,34.20330309497548,8.981790705427004,10.033991321637153
Chicago,5/1/2024 20:26,28.940135519213584,72.72304948789218,8.315116535278497,25.895057427990096
Chicago,5/1/2024 20:27,28.056895166177426,69.00084167280134,7.777085268172219,13.607372591003173
Chicago,5/1/2024 20:29,37.971534528773965,54.82455134515339,4.208665525130914,9.030678424066256
Chicago,5/1/2024 20:31,29.63118673172618,88.81457215886567,0.070548392,22.33122495624423
Chicago,5/1/2024 20:34,30.442882454144637,88.18865881070695,4.074251093,28.411431111898874
Chicago,5/1/2024 20:42,11.889210687013083,44.80517499174122,3.3472334289709673,28.76608285
Chicago,5/1/2024 20:42,36.84046485236881,84.92616087496775,3.246635277099835,24.060727412873298
Chicago,5/1/2024 20:46,9.359624546284454,83.01100301179571,2.482237106164842,5.778315234404802
Chicago,5/1/2024 20:50,24.251109722261134,81.86416426209058,0.3616267192955269,29.781384327351304
Chicago,5/1/2024 20:57,5.768788613481721,50.62518540294812,1.0290618564698595,18.213224912589958
Chicago,5/1/2024 21:03,31.460951663206608,48.63451785689439,0.39721983093763624,16.54380210997254
Chicago,5/1/2024 21:04,25.618502251074588,56.33995837,7.378976686510503,27.00256498758999
Chicago,5/1/2024 21:04,26.176711346665613,87.73932495575224,5.370075657244129,10.346488105314496
Chicago,5/1/2024 21:05,33.94369389991057,52.29414296767946,3.8952916389692005,17.926055867958645
Chicago,5/1/2024 21:07,6.6510964514531885,45.30851429977643,7.775124537584772,8.784444081
Chicago,5/1/2024 21:08,24.221109838482427,61.81426032425438,1.0371051294874312,1.2441116681358244
Chicago,5/1/2024 21:09,36.10594550623661,46.231437250622314,7.7646838269493585,14.14413967404619
Chicago,5/1/2024 21:10,-6.372437424,70.0229676,0.066503642,18.709966809363117
Chicago,5/1/2024 21:11,17.875955348151095,39.93670292737873,7.829285105038927,0.9454715193262331
Chicago,5/1/2024 21:11,16.542790303156945,41.25646703438969,5.442116026594096,24.89615955
Chicago,5/1/2024 21:13,-9.934218779,68.02604186603787,2.5056196447139456,7.161624198693247
Chicago,5/1/2024 21:17,22.660789848499007,84.92682544192851,0.062232084,9.368496368829556
Chicago,5/1/2024 21:17,28.560124424423634,85.40914594314457,5.613378063381301,27.557928644869175
Chicago,5/1/2024 21:21,-7.408356643,38.38170216514282,4.104638413769112,17.23728156297977
Chicago,5/1/2024 21:23,15.032381650131875,33.125332542834244,9.634885451553004,28.98989418974049
Chicago,5/1/2024 21:28,31.88373030253409,49.72502864476668,9.986243609348952,7.920625429569634
Chicago,5/1/2024 21:29,6.845912366343768,68.38156355343364,1.1219099259694187,14.330697941605434
Chicago,5/1/2024 21:31,39.04717192748079,89.80399032,3.456649958,5.496263355
Chicago,5/1/2024 21:36,9.111530383348942,46.718507652641776,4.8622443662784995,29.676753519260213
Chicago,5/1/2024 21:36,29.14804452381435,66.04827495468257,3.8896364985275333,22.068929698688137
Chicago,5/1/2024 21:38,-6.311227222,58.58491155618428,8.742059653829884,15.70258075419923
Chicago,5/1/2024 21:38,26.256324738980453,52.21380343767778,4.022882518523485,9.591578028936961
Chicago,5/1/2024 21:40,35.16521423612867,88.36931224183877,3.312244209316475,14.931214183403238
Chicago,5/1/2024 21:44,25.750064345920016,36.85490529530109,9.797578511824257,0.43485492740129805
Chicago,5/1/2024 21:48,16.208104927481184,80.15457179653097,8.451379343213663,17.137698782737818
Chicago,5/1/2024 21:48,19.58540177824649,36.70750617000923,3.074555532680744,26.058673487996423
Chicago,5/1/2024 21:51,-1.234304838,62.71054895613494,9.946263176608293,22.733258331352168
Chicago,5/1/2024 21:51,18.072302864840733,45.64606648069841,7.641083577253905,26.85168799902546
Chicago,5/1/2024 21:51,16.741810468501342,73.25463440732314,0.41067493354788653,9.068417891504371
Chicago,5/1/2024 21:57,-6.222116465,87.75883553894116,5.103371115579133,20.00043076118563
Chicago,5/1/2024 21:58,13.38920191282121,34.29450693582094,4.438644290092892,6.89409314
Chicago,5/1/2024 22:00,-5.54753501,47.892391855824286,2.4442316003741094,25.824857221024143
Chicago,5/1/2024 22:02,26.577196593207475,86.77502309377857,7.345751126679066,4.598716066624106
Chicago,5/1/2024 22:05,29.53037086590605,54.857298120534345,6.189482860494477,26.69562821824578
Chicago,5/1/2024 22:09,18.91417797999577,61.427513930960146,9.114241695933051,6.047663706206907
Chicago,5/1/2024 22:12,9.953659629486413,89.15454472557215,8.383513333164295,4.239624301130325
Chicago,5/1/2024 22:14,31.231654999746112,48.23293706823213,5.004081352152056,14.535402412160511
Chicago,5/1/2024 22:15,4.256411385786549,53.14499020153312,2.433245738843243,13.546394337091254
Chicago,5/1/2024 22:20,-1.742879469,43.019320518033766,9.207491133179019,16.002262497610076
Chicago,5/1/2024 22:22,3.215247878,35.45318552465308,1.9648469399193158,22.614637989727637
Chicago,5/1/2024 22:29,5.642114258213507,84.26533547650308,4.052309053298276,29.102986698405616
Chicago,5/1/2024 22:30,2.725112227436048,47.83428321424037,8.404885396743815,0.8223520199913958
Chicago,5/1/2024 22:32,22.945528732856367,62.56584227796401,7.519010115,12.976519306989967
Chicago,5/1/2024 22:34,-6.851457819,38.316260414421976,0.3883689765551879,17.626381900618345
Chicago,5/1/2024 22:36,34.19704684725512,77.69961196905922,7.417632053080951,2.727959039464729
Chicago,5/1/2024 22:38,30.62017303834815,63.38390390093306,8.953853731568225,17.29877557
Chicago,5/1/2024 22:44,33.08085152523516,69.41994485055505,1.9060148874888505,10.286444351488248
Chicago,5/1/2024 22:51,17.014233309040105,72.75955749762169,2.711456313343541,16.428125333448868
Chicago,5/1/2024 22:51,7.023777003322127,30.494108237018246,7.585452317564126,11.312259135449462
Chicago,5/1/2024 22:55,8.980841514351042,84.61429038001198,5.743442033321372,3.889330006649865
Chicago,5/1/2024 22:56,8.150998871186985,59.424871186724914,3.0536317905230757,6.190607524350208
Chicago,5/1/2024 23:01,-7.02256262,60.937719775937765,7.226334699926245,12.581016321107809
Chicago,5/1/2024 23:02,7.0136377445286655,66.43634978527962,2.366653359025862,21.88823838826513
Chicago,5/1/2024 23:02,39.50680011084463,43.351201982366945,3.696628033840401,4.378324502658252
Chicago,5/1/2024 23:03,31.560632939405387,43.61506990850245,7.965087314769192,27.391744373055605
Chicago,5/1/2024 23:04,22.493237329805225,36.351518601185674,4.611297252894239,20.580417252487525
Chicago,5/1/2024 23:07,-8.954925161,65.97116235074645,1.101044269353072,10.379420919804348
Chicago,5/1/2024 23:07,15.348085811521269,77.56974478,6.016905393787393,22.36565426638668
Chicago,5/1/2024 23:11,-9.005719616,57.58699283057632,0.4383751173923456,26.89760136
Chicago,5/1/2024 23:18,-9.197489412,88.82106938432959,2.530057895967901,21.41376251515894
Chicago,5/1/2024 23:20,9.718545204975086,81.85453524,3.1837693680482015,22.94774300557785
Chicago,5/1/2024 23:23,-6.596248839,44.37652536103441,6.374621126,16.83711392635752
Chicago,5/1/2024 23:24,27.168684284111926,49.06455051616547,0.7717952253516069,23.877238057221753
Chicago,5/1/2024 23:26,18.083688123053403,37.10365887561272,6.627010053412967,18.74587787544716
Chicago,5/1/2024 23:27,0.33131567006329554,59.42263176100569,2.2072939137046257,10.64560233292929
Chicago,5/1/2024 23:29,15.02884563878946,58.38414299927415,7.203003915070411,26.64419211284372
Chicago,5/1/2024 23:31,34.53658977514715,71.07681491349825,9.188270457,9.942759520100653
Chicago,5/1/2024 23:32,36.136968980589614,52.018688315165846,5.566813856700805,6.786795753562892
Chicago,5/1/2024 23:32,20.18158317567694,88.53569861,2.7232770680757232,14.652040735874115
Chicago,5/1/2024 23:34,31.86081754066481,43.94442145354054,3.754539444402173,10.94695451346192
Chicago,5/1/2024 23:37,-3.963175359,51.98804921327793,5.578229192796086,27.96507854797716
Chicago,5/1/2024 23:40,19.280443664592955,83.82460327080508,5.840737997901343,26.275453577977025
Chicago,5/1/2024 23:40,3.4924212548730935,64.49805404,7.054281067524335,16.55861495509387
Chicago,5/1/2024 23:41,38.32286042882774,50.64251098211168,4.027659407019724,16.75112750066968
Chicago,5/1/2024 23:45,11.744929272743118,86.81256538010041,1.852765173086005,1.803533121632488
Chicago,5/1/2024 23:46,23.56856953473281,89.57092476365645,4.513272719864543,8.497228755135524
Chicago,5/1/2024 23:47,11.980793740767368,58.02707721583195,4.852682574596786,16.38300912
Chicago,5/1/2024 23:47,8.596649710814173,31.130625950939475,8.256336363334897,10.609477073096405
Chicago,5/1/2024 23:52,21.824393917677877,40.967650265124185,2.8749701050824217,5.889588511874145
Chicago,5/1/2024 23:56,3.556781265778284,39.00053687900542,8.495432344578433,3.401674982
Chicago,5/1/2024 23:58,6.893395527237477,55.54936940019607,8.468289666,21.366385754750137
Chicago,5/1/2024 23:59,19.50300707444394,41.08677263322784,0.280462944,25.231641751042652
